{"description": "", "citation": "", "homepage": "", "license": "", "features": {"question": {"dtype": "string", "_type": "Value"}, "answer_only": {"dtype": "string", "_type": "Value"}, "answer": {"dtype": "string", "_type": "Value"}, "question_zh": {"dtype": "string", "_type": "Value"}, "answer_zh": {"dtype": "string", "_type": "Value"}, "split": {"dtype": "string", "_type": "Value"}}, "builder_name": "json", "dataset_name": "gsm8_k_zh", "config_name": "default", "version": {"version_str": "0.0.0", "major": 0, "minor": 0, "patch": 0}, "splits": {"train": {"name": "train", "num_bytes": 8572654, "num_examples": 8792, "dataset_name": "gsm8_k_zh"}}, "download_checksums": {"hf://datasets/testUser/GSM8K_zh@master/GSM8K_zh.json": {"num_bytes": 9808924, "checksum": null}}, "download_size": 9808924, "dataset_size": 8572654, "size_in_bytes": 18381578}